service_description,Service ID,SKU description,SKU ID,Usage amount,Usage unit,List cost (â‚¹),Negotiated savings (â‚¹),Savings programs (â‚¹),Other savings (â‚¹),Unrounded subtotal (â‚¹),Subtotal,Percent change in subtotal compared to previous period
Vertex AI,C7E2-9256-1C43,Gemini 2.5 Flash GA Thinking Text Output - Predictions,CD33-11F4-1220,"55,78,065",count,1244.92,0,0,0,1244.919242,1244.92,84%
Vertex AI,C7E2-9256-1C43,Gemini 2.5 Pro Thinking Text Output - Predictions,E367-697F-F274,"5,63,749",count,503.27,0,0,0,503.272805,503.27,631%
Vertex AI,C7E2-9256-1C43,Imagen 4 Generation (output),180A-C24F-9D7F,138,count,492.78,0,0,0,492.7842,492.78,17%
Vertex AI,C7E2-9256-1C43,Gemini 2.5 Flash GA Text Output (Thinking On) - Predictions,A253-E8A3-DE5C,"17,02,400",count,379.94,0,0,0,379.943478,379.94,43%
Vertex AI,C7E2-9256-1C43,Gemini 2.5 Pro Text Output - Predictions,5DA2-3F77-1CA5,"4,01,000",count,357.98,0,0,0,357.982703,357.98,1819%
Vertex AI,C7E2-9256-1C43,Gemini 2.5 Flash GA Text Input - Predictions,FDAB-647C-5A22,"52,29,557",count,140.06,0,0,0,140.056403,140.06,174%
Vertex AI,C7E2-9256-1C43,Gemini 2.0 Flash Text Output - Predictions,DFB0-8442-43A8,"12,83,059",count,68.73,0,0,0,68.725074,68.73,3635%
Vertex AI,C7E2-9256-1C43,Gemini 2.5 Pro Text Input - Predictions,A121-E2B5-1418,"6,15,311",count,68.66,0,0,0,68.662916,68.66,-16%
Vertex AI,C7E2-9256-1C43,Imagen 4 Fast Generation (output),16F4-DB9A-3040,29,count,51.78,0,0,0,51.77805,51.78,879%
Vertex AI,C7E2-9256-1C43,Gemini 2.5 Pro Image Input - Predictions,B401-3774-BCEE,"4,22,862",count,47.19,0,0,0,47.187431,47.19,1317%
Vertex AI,C7E2-9256-1C43,Gemini 2.0 Flash Text Input - Predictions,1127-99B9-1860,"29,47,660",count,39.47,0,0,0,39.471686,39.47,5791%
Vertex AI,C7E2-9256-1C43,Gemini 2.5 Flash GA Image Input - Predictions,7C13-537E-1E75,"6,31,050",count,16.9,0,0,0,16.900619,16.9,-79%
Vertex AI,C7E2-9256-1C43,Gemini 3.0 Pro Image Output - Predictions,47A8-A5A1-B26C,"1,120",count,12,0,0,0,11.998224,12,New
Vertex AI,C7E2-9256-1C43,Gemini 2.0 Flash Lite Video Input - Predictions,11C8-46BE-4E57,"10,12,908",count,6.78,0,0,0,6.78186,6.78,124%
Vertex AI,C7E2-9256-1C43,Imagen for Image Generation (output),C2E9-4A3E-595F,3,count,5.36,0,0,0,5.35635,5.36,-98%
Vertex AI,C7E2-9256-1C43,Gemini 3.0 Pro Text Output - Predictions,2737-2D33-D986,"4,570",count,4.9,0,0,0,4.895702,4.9,New
Vertex AI,C7E2-9256-1C43,Gemini 2.5 Flash Lite Text Input - Predictions,F91E-007E-3BA1,"3,06,643",count,2.74,0,0,0,2.737473,2.74,1270%
Vertex AI,C7E2-9256-1C43,Gemini 2.0 Flash Lite Text Output - Predictions,4D69-506A-5D33,"92,537",count,2.48,0,0,0,2.478264,2.48,-26%
Vertex AI,C7E2-9256-1C43,Gemini 2.5 Flash Lite Text Output - Predictions,2D6E-6AC5-B1FD,"54,265",count,1.94,0,0,0,1.937746,1.94,547%
Vertex AI,C7E2-9256-1C43,Gemini 2.0 Flash Lite Image Input - Predictions,43D4-BF5C-292D,"2,61,612",count,1.75,0,0,0,1.751565,1.75,-52%
Vertex AI,C7E2-9256-1C43,Gemini 2.5 Flash Lite Image Input - Predictions,6011-E737-2479,"1,27,194",count,1.14,0,0,0,1.135491,1.14,470%
Cloud Storage,95FF-2EF5-5EA1,Standard Storage US Multi-region,0D5D-6E23-4250,0.524,gibibyte month,1.22,-0.18,0,0,1.034748,1.03,-6%
Cloud Storage,95FF-2EF5-5EA1,Standard Storage Mumbai,2717-BEFE-3773,0.543,gibibyte month,1.11,-0.17,0,0,0.947534,0.95,17%
Vertex AI,C7E2-9256-1C43, Gemini 2.5 Pro Input Text Caching,E941-1B12-88B9,"66,919",count,0.75,0,0,0,0.746743,0.75,-97%
Vertex AI,C7E2-9256-1C43,Gemini 3.0 Pro Text Input - Predictions,EAC4-305F-1249,"4,071",count,0.73,0,0,0,0.726856,0.73,New
Vertex AI,C7E2-9256-1C43, Gemini 2.5 Flash GA Text Output - Predictions,AF56-1BF9-492A,"2,965",count,0.66,0,0,0,0.661732,0.66,3200%
Vertex AI,C7E2-9256-1C43,Gemini 2.0 Flash Lite Audio Input - Predictions,05DC-292B-BA5C,"98,150",count,0.66,0,0,0,0.657155,0.66,128%
Vertex AI,C7E2-9256-1C43, Gemini 2.5 Flash GA Input Text Caching,A1C1-77CC-6FAE,"1,87,829",count,0.5,0,0,0,0.503014,0.5,-68%
Invoice,A656-35D2-EF7F,Contract billing adjustment,A9A8-879F-CB2C,0.49,count,0.49,0,0,0,0.489652,0.49,-58%
BigQuery,24E6-581D-38E5,Long Term Logical Storage (asia-south1),339A-D3C3-4A8C,0.372,gibibyte month,0.53,-0.08,0,0,0.449233,0.45,5%
BigQuery,24E6-581D-38E5,Active Logical Storage (asia-south1),E056-7501-89FA,0.058,gibibyte month,0.12,-0.02,0,0,0.098764,0.1,-37%
Cloud Storage,95FF-2EF5-5EA1,Standard Storage Asia Multi-region,E653-0A40-3B69,0.047,gibibyte month,0.11,-0.02,0,0,0.09306,0.09,-10%
BigQuery,24E6-581D-38E5,Analysis (asia-south1),B898-EB89-E9CA,0,tebibyte,0.1,-0.01,0,0,0.08141,0.08,-80%
Cloud Storage,95FF-2EF5-5EA1,Regional Standard Class A Operations,4DBF-185F-A415,114,count,0.05,-0.01,0,0,0.04325,0.04,0%
Vertex AI,C7E2-9256-1C43, Gemini 2.5 Flash GA Input Image Caching,DABD-C0C3-D87E,"14,724",count,0.04,0,0,0,0.039431,0.04,-95%
Cloud Storage,95FF-2EF5-5EA1,Regional Standard Class B Operations,7870-010B-2763,"1,258",count,0.04,-0.01,0,0,0.031188,0.03,0%
Vertex AI,C7E2-9256-1C43,Gemini 2.0 Flash Lite Text Input - Predictions,CF72-F84C-8E3B,"3,947",count,0.03,0,0,0,0.026387,0.03,-25%
Cloud Storage,95FF-2EF5-5EA1,Archive Storage Mumbai,891B-EBF4-A8DC,0.02,gibibyte month,0,0,0,0,0.004356,0,0%
Cloud Storage,95FF-2EF5-5EA1,Multi-Region Standard Class B Operations,8AE7-5BBD-8F38,126,count,0,0,0,0,0.003822,0,0%
BigQuery,24E6-581D-38E5,Streaming Insert (asia-south1),AC85-E714-3881,0.036,mebibyte,0,0,0,0,0.000161,0,-100%
Vertex AI,C7E2-9256-1C43,Gemini 3.0 Pro Text Input Caching,8308-9CED-8950,1,count,0,0,0,0,0.000017,0,0%
Geocoding API,0AC2-4B25-C429,Geocoding (India),AB12-DA89-B523,705,count,0,0,0,0,0,0,0%
Maps API,1934-AA85-20F9,Dynamic Maps (India),AA0F-63D7-9D0E,359,count,0,0,0,0,0,0,0%
Places API,213C-9623-1402,Atmosphere Data (India),0CE0-1963-137E,59,count,0,0,0,0,0,0,0%
Places API,213C-9623-1402,Places - Text Search (India),102E-888D-5596,39,count,0,0,0,0,0,0,0%
Places API,213C-9623-1402,Basic Data (India),5D7B-1F7B-395E,59,count,0,0,0,0,0,0,0%
Places API,213C-9623-1402,Places Photo (India),9F4B-2E19-1B63,40,count,0,0,0,0,0,0,0%
Places API,213C-9623-1402,Contact Data (India),A03F-5079-C66C,59,count,0,0,0,0,0,0,0%
Places API,213C-9623-1402,Places - Nearby Search (India),CC66-BE0E-2477,16,count,0,0,0,0,0,0,0%
Places API,213C-9623-1402,Places Details (India),F7AA-FEF9-C90E,4,count,0,0,0,0,0,0,0%
Cloud Logging,5490-F7B7-8DF6,Log Storage cost,143F-A1B0-E0BE,0.003,gibibyte,0,0,0,0,0,0,0%
Cloud Storage,95FF-2EF5-5EA1,Download APAC,1F8B-71B0-3D1B,0.413,gibibyte,0,0,0,0,0,0,-100%
Cloud Storage,95FF-2EF5-5EA1,Download Worldwide Destinations (excluding Asia & Australia),22EB-AAE8-FBCD,0.005,gibibyte,0,0,0,0,0,0,0%
Directions API,B7D9-FDCB-15D8,Directions Advanced (India),E27B-BD57-FD7D,78,count,0,0,0,0,0,0,0%
,,,,,,,,,Subtotal,3457.887028,3457.89,
,,,,,,,,,Tax,0,0,
,,,,,,,,,Filtered total,3457.887028,3457.89,